Index_ID,I5_Primer_Sequence,I5_Reverse_Complement,FullPrimer
v2_Ad1.1,TAGATCGC,GCGATCTA,AATGATACGGCGACCACCGAGATCTACACTAGATCGCTCGTCGGCAGCGTCAGATGTGTAT
v2_Ad1.2,CTCTCTAT,ATAGAGAG,AATGATACGGCGACCACCGAGATCTACACCTCTCTATTCGTCGGCAGCGTCAGATGTGTAT
v2_Ad1.3,TATCCTCT,AGAGGATA,AATGATACGGCGACCACCGAGATCTACACTATCCTCTTCGTCGGCAGCGTCAGATGTGTAT
v2_Ad1.4,AGAGTAGA,TCTACTCT,AATGATACGGCGACCACCGAGATCTACACAGAGTAGATCGTCGGCAGCGTCAGATGTGTAT
v2_Ad1.5,GTAAGGAG,CTCCTTAC,AATGATACGGCGACCACCGAGATCTACACGTAAGGAGTCGTCGGCAGCGTCAGATGTGTAT
v2_Ad1.6,ACTGCATA,TATGCAGT,AATGATACGGCGACCACCGAGATCTACACACTGCATATCGTCGGCAGCGTCAGATGTGTAT
v2_Ad1.7,AAGGAGTA,TACTCCTT,AATGATACGGCGACCACCGAGATCTACACAAGGAGTATCGTCGGCAGCGTCAGATGTGTAT
v2_Ad1.8,CTAAGCCT,AGGCTTAG,AATGATACGGCGACCACCGAGATCTACACCTAAGCCTTCGTCGGCAGCGTCAGATGTGTAT
v2_Ad1.9,TGGAAATC,GATTTCCA,AATGATACGGCGACCACCGAGATCTACACTGGAAATCTCGTCGGCAGCGTCAGATGTGTAT
v2_Ad1.10,AACATGAT,ATCATGTT,AATGATACGGCGACCACCGAGATCTACACAACATGATTCGTCGGCAGCGTCAGATGTGTAT
v2_Ad1.11,TGATGAAA,TTTCATCA,AATGATACGGCGACCACCGAGATCTACACTGATGAAATCGTCGGCAGCGTCAGATGTGTAT
v2_Ad1.12,GTCGGACT,AGTCCGAC,AATGATACGGCGACCACCGAGATCTACACGTCGGACTTCGTCGGCAGCGTCAGATGTGTAT
v2_Ad1.13,TTTCTAGC,GCTAGAAA,AATGATACGGCGACCACCGAGATCTACACTTTCTAGCTCGTCGGCAGCGTCAGATGTGTAT
v2_Ad1.14,TAACCAAG,CTTGGTTA,AATGATACGGCGACCACCGAGATCTACACTAACCAAGTCGTCGGCAGCGTCAGATGTGTAT
v2_Ad1.15,GTGTATCG,CGATACAC,AATGATACGGCGACCACCGAGATCTACACGTGTATCGTCGTCGGCAGCGTCAGATGTGTAT
v2_Ad1.16,TCCATCAA,TTGATGGA,AATGATACGGCGACCACCGAGATCTACACTCCATCAATCGTCGGCAGCGTCAGATGTGTAT
v2_Ad1.17,TTCGTGCA,TGCACGAA,AATGATACGGCGACCACCGAGATCTACACTTCGTGCATCGTCGGCAGCGTCAGATGTGTAT
v2_Ad1.18,AGGTTGCC,GGCAACCT,AATGATACGGCGACCACCGAGATCTACACAGGTTGCCTCGTCGGCAGCGTCAGATGTGTAT
v2_Ad1.19,CCTTATGT,ACATAAGG,AATGATACGGCGACCACCGAGATCTACACCCTTATGTTCGTCGGCAGCGTCAGATGTGTAT
v2_Ad1.20,CAGCAACG,CGTTGCTG,AATGATACGGCGACCACCGAGATCTACACCAGCAACGTCGTCGGCAGCGTCAGATGTGTAT
v2_Ad1.21,GGTTCAAT,ATTGAACC,AATGATACGGCGACCACCGAGATCTACACGGTTCAATTCGTCGGCAGCGTCAGATGTGTAT
v2_Ad1.22,ACATTCGT,ACGAATGT,AATGATACGGCGACCACCGAGATCTACACACATTCGTTCGTCGGCAGCGTCAGATGTGTAT
v2_Ad1.23,GATTCCCA,TGGGAATC,AATGATACGGCGACCACCGAGATCTACACGATTCCCATCGTCGGCAGCGTCAGATGTGTAT
v2_Ad1.24,CGGACTGC,GCAGTCCG,AATGATACGGCGACCACCGAGATCTACACCGGACTGCTCGTCGGCAGCGTCAGATGTGTAT
v2_Ad1.25,AGCCGTTC,GAACGGCT,AATGATACGGCGACCACCGAGATCTACACAGCCGTTCTCGTCGGCAGCGTCAGATGTGTAT
v2_Ad1.26,ATTGGGTC,GACCCAAT,AATGATACGGCGACCACCGAGATCTACACATTGGGTCTCGTCGGCAGCGTCAGATGTGTAT
v2_Ad1.27,TGCATACT,AGTATGCA,AATGATACGGCGACCACCGAGATCTACACTGCATACTTCGTCGGCAGCGTCAGATGTGTAT
v2_Ad1.28,GGGCTTGG,CCAAGCCC,AATGATACGGCGACCACCGAGATCTACACGGGCTTGGTCGTCGGCAGCGTCAGATGTGTAT
v2_Ad1.29,GACGTGGC,GCCACGTC,AATGATACGGCGACCACCGAGATCTACACGACGTGGCTCGTCGGCAGCGTCAGATGTGTAT
v2_Ad1.30,GCAAATTT,AAATTTGC,AATGATACGGCGACCACCGAGATCTACACGCAAATTTTCGTCGGCAGCGTCAGATGTGTAT
v2_Ad1.31,GCAGCCTC,GAGGCTGC,AATGATACGGCGACCACCGAGATCTACACGCAGCCTCTCGTCGGCAGCGTCAGATGTGTAT
v2_Ad1.32,TCCGAGTT,AACTCGGA,AATGATACGGCGACCACCGAGATCTACACTCCGAGTTTCGTCGGCAGCGTCAGATGTGTAT
v2_Ad1.33,GCATTAAG,CTTAATGC,AATGATACGGCGACCACCGAGATCTACACGCATTAAGTCGTCGGCAGCGTCAGATGTGTAT
v2_Ad1.34,ACGATAAC,GTTATCGT,AATGATACGGCGACCACCGAGATCTACACACGATAACTCGTCGGCAGCGTCAGATGTGTAT
v2_Ad1.35,CCTGCGGG,CCCGCAGG,AATGATACGGCGACCACCGAGATCTACACCCTGCGGGTCGTCGGCAGCGTCAGATGTGTAT
v2_Ad1.36,TGATTGTT,AACAATCA,AATGATACGGCGACCACCGAGATCTACACTGATTGTTTCGTCGGCAGCGTCAGATGTGTAT
v2_Ad1.37,GGCACGGA,TCCGTGCC,AATGATACGGCGACCACCGAGATCTACACGGCACGGATCGTCGGCAGCGTCAGATGTGTAT
v2_Ad1.38,GATCATTC,GAATGATC,AATGATACGGCGACCACCGAGATCTACACGATCATTCTCGTCGGCAGCGTCAGATGTGTAT
v2_Ad1.39,ATGGTCAT,ATGACCAT,AATGATACGGCGACCACCGAGATCTACACATGGTCATTCGTCGGCAGCGTCAGATGTGTAT
v2_Ad1.40,CGTACCAA,TTGGTACG,AATGATACGGCGACCACCGAGATCTACACCGTACCAATCGTCGGCAGCGTCAGATGTGTAT
v2_Ad1.41,CCAGTTTA,TAAACTGG,AATGATACGGCGACCACCGAGATCTACACCCAGTTTATCGTCGGCAGCGTCAGATGTGTAT
v2_Ad1.42,ACCGGCCC,GGGCCGGT,AATGATACGGCGACCACCGAGATCTACACACCGGCCCTCGTCGGCAGCGTCAGATGTGTAT
v2_Ad1.43,CTAGAAGT,ACTTCTAG,AATGATACGGCGACCACCGAGATCTACACCTAGAAGTTCGTCGGCAGCGTCAGATGTGTAT
v2_Ad1.44,CGCCAGAT,ATCTGGCG,AATGATACGGCGACCACCGAGATCTACACCGCCAGATTCGTCGGCAGCGTCAGATGTGTAT
v2_Ad1.45,TCACATGG,CCATGTGA,AATGATACGGCGACCACCGAGATCTACACTCACATGGTCGTCGGCAGCGTCAGATGTGTAT
v2_Ad1.46,GAACTCGA,TCGAGTTC,AATGATACGGCGACCACCGAGATCTACACGAACTCGATCGTCGGCAGCGTCAGATGTGTAT
v2_Ad1.47,CCACCGTT,AACGGTGG,AATGATACGGCGACCACCGAGATCTACACCCACCGTTTCGTCGGCAGCGTCAGATGTGTAT
v2_Ad1.48,TAAGTTAC,GTAACTTA,AATGATACGGCGACCACCGAGATCTACACTAAGTTACTCGTCGGCAGCGTCAGATGTGTAT
v2_Ad1.49,GAGACGTG,CACGTCTC,AATGATACGGCGACCACCGAGATCTACACGAGACGTGTCGTCGGCAGCGTCAGATGTGTAT
v2_Ad1.50,TTGCCTAA,TTAGGCAA,AATGATACGGCGACCACCGAGATCTACACTTGCCTAATCGTCGGCAGCGTCAGATGTGTAT
v2_Ad1.51,TTAACTTG,CAAGTTAA,AATGATACGGCGACCACCGAGATCTACACTTAACTTGTCGTCGGCAGCGTCAGATGTGTAT
v2_Ad1.52,CTTTAACA,TGTTAAAG,AATGATACGGCGACCACCGAGATCTACACCTTTAACATCGTCGGCAGCGTCAGATGTGTAT
v2_Ad1.53,CGTAGACC,GGTCTACG,AATGATACGGCGACCACCGAGATCTACACCGTAGACCTCGTCGGCAGCGTCAGATGTGTAT
v2_Ad1.54,TATTTGCG,CGCAAATA,AATGATACGGCGACCACCGAGATCTACACTATTTGCGTCGTCGGCAGCGTCAGATGTGTAT
v2_Ad1.55,ATCCAGGA,TCCTGGAT,AATGATACGGCGACCACCGAGATCTACACATCCAGGATCGTCGGCAGCGTCAGATGTGTAT
v2_Ad1.56,TGTTCCTG,CAGGAACA,AATGATACGGCGACCACCGAGATCTACACTGTTCCTGTCGTCGGCAGCGTCAGATGTGTAT
v2_Ad1.57,ACGCGCAG,CTGCGCGT,AATGATACGGCGACCACCGAGATCTACACACGCGCAGTCGTCGGCAGCGTCAGATGTGTAT
v2_Ad1.58,TCTGGCGA,TCGCCAGA,AATGATACGGCGACCACCGAGATCTACACTCTGGCGATCGTCGGCAGCGTCAGATGTGTAT
v2_Ad1.59,AATCTACA,TGTAGATT,AATGATACGGCGACCACCGAGATCTACACAATCTACATCGTCGGCAGCGTCAGATGTGTAT
v2_Ad1.60,TACTGACC,GGTCAGTA,AATGATACGGCGACCACCGAGATCTACACTACTGACCTCGTCGGCAGCGTCAGATGTGTAT
v2_Ad1.61,CGATAGGG,CCCTATCG,AATGATACGGCGACCACCGAGATCTACACCGATAGGGTCGTCGGCAGCGTCAGATGTGTAT
v2_Ad1.62,ACTTAGAA,TTCTAAGT,AATGATACGGCGACCACCGAGATCTACACACTTAGAATCGTCGGCAGCGTCAGATGTGTAT
v2_Ad1.63,AGAGATCT,AGATCTCT,AATGATACGGCGACCACCGAGATCTACACAGAGATCTTCGTCGGCAGCGTCAGATGTGTAT
v2_Ad1.64,GGTGAAGG,CCTTCACC,AATGATACGGCGACCACCGAGATCTACACGGTGAAGGTCGTCGGCAGCGTCAGATGTGTAT
v2_Ad1.65,ATCGAATG,CATTCGAT,AATGATACGGCGACCACCGAGATCTACACATCGAATGTCGTCGGCAGCGTCAGATGTGTAT
v2_Ad1.66,TCAAGAGC,GCTCTTGA,AATGATACGGCGACCACCGAGATCTACACTCAAGAGCTCGTCGGCAGCGTCAGATGTGTAT
v2_Ad1.67,GCCCACGT,ACGTGGGC,AATGATACGGCGACCACCGAGATCTACACGCCCACGTTCGTCGGCAGCGTCAGATGTGTAT
v2_Ad1.68,TGGGCGGT,ACCGCCCA,AATGATACGGCGACCACCGAGATCTACACTGGGCGGTTCGTCGGCAGCGTCAGATGTGTAT
v2_Ad1.69,CCCTTGGA,TCCAAGGG,AATGATACGGCGACCACCGAGATCTACACCCCTTGGATCGTCGGCAGCGTCAGATGTGTAT
v2_Ad1.70,ATTACCGT,ACGGTAAT,AATGATACGGCGACCACCGAGATCTACACATTACCGTTCGTCGGCAGCGTCAGATGTGTAT
v2_Ad1.71,AGTCCGAG,CTCGGACT,AATGATACGGCGACCACCGAGATCTACACAGTCCGAGTCGTCGGCAGCGTCAGATGTGTAT
v2_Ad1.72,ACTTGTTG,CAACAAGT,AATGATACGGCGACCACCGAGATCTACACACTTGTTGTCGTCGGCAGCGTCAGATGTGTAT
v2_Ad1.73,GTAATACA,TGTATTAC,AATGATACGGCGACCACCGAGATCTACACGTAATACATCGTCGGCAGCGTCAGATGTGTAT
v2_Ad1.74,GGCGTCTA,TAGACGCC,AATGATACGGCGACCACCGAGATCTACACGGCGTCTATCGTCGGCAGCGTCAGATGTGTAT
v2_Ad1.75,GCGCTGCT,AGCAGCGC,AATGATACGGCGACCACCGAGATCTACACGCGCTGCTTCGTCGGCAGCGTCAGATGTGTAT
v2_Ad1.76,GTGCCATT,AATGGCAC,AATGATACGGCGACCACCGAGATCTACACGTGCCATTTCGTCGGCAGCGTCAGATGTGTAT
v2_Ad1.77,TAGGTATG,CATACCTA,AATGATACGGCGACCACCGAGATCTACACTAGGTATGTCGTCGGCAGCGTCAGATGTGTAT
v2_Ad1.78,AACACCTA,TAGGTGTT,AATGATACGGCGACCACCGAGATCTACACAACACCTATCGTCGGCAGCGTCAGATGTGTAT
v2_Ad1.79,CTCCGAAC,GTTCGGAG,AATGATACGGCGACCACCGAGATCTACACCTCCGAACTCGTCGGCAGCGTCAGATGTGTAT
v2_Ad1.80,CAACGGCA,TGCCGTTG,AATGATACGGCGACCACCGAGATCTACACCAACGGCATCGTCGGCAGCGTCAGATGTGTAT
v2_Ad1.81,CAATGTAG,CTACATTG,AATGATACGGCGACCACCGAGATCTACACCAATGTAGTCGTCGGCAGCGTCAGATGTGTAT
v2_Ad1.82,GGCTACCC,GGGTAGCC,AATGATACGGCGACCACCGAGATCTACACGGCTACCCTCGTCGGCAGCGTCAGATGTGTAT
v2_Ad1.83,AAAGTCCG,CGGACTTT,AATGATACGGCGACCACCGAGATCTACACAAAGTCCGTCGTCGGCAGCGTCAGATGTGTAT
v2_Ad1.84,TTCCGCGG,CCGCGGAA,AATGATACGGCGACCACCGAGATCTACACTTCCGCGGTCGTCGGCAGCGTCAGATGTGTAT
v2_Ad1.85,AGGCACTT,AAGTGCCT,AATGATACGGCGACCACCGAGATCTACACAGGCACTTTCGTCGGCAGCGTCAGATGTGTAT
v2_Ad1.86,CTTCAGTG,CACTGAAG,AATGATACGGCGACCACCGAGATCTACACCTTCAGTGTCGTCGGCAGCGTCAGATGTGTAT
v2_Ad1.87,GCCGGTAG,CTACCGGC,AATGATACGGCGACCACCGAGATCTACACGCCGGTAGTCGTCGGCAGCGTCAGATGTGTAT
v2_Ad1.88,TTCAATCC,GGATTGAA,AATGATACGGCGACCACCGAGATCTACACTTCAATCCTCGTCGGCAGCGTCAGATGTGTAT
v2_Ad1.89,CCACACAC,GTGTGTGG,AATGATACGGCGACCACCGAGATCTACACCCACACACTCGTCGGCAGCGTCAGATGTGTAT
v2_Ad1.90,ATATTATC,GATAATAT,AATGATACGGCGACCACCGAGATCTACACATATTATCTCGTCGGCAGCGTCAGATGTGTAT
v2_Ad1.91,CCGAAGCA,TGCTTCGG,AATGATACGGCGACCACCGAGATCTACACCCGAAGCATCGTCGGCAGCGTCAGATGTGTAT
v2_Ad1.92,GTATCGGT,ACCGATAC,AATGATACGGCGACCACCGAGATCTACACGTATCGGTTCGTCGGCAGCGTCAGATGTGTAT
