Nextera_i7,i7_Index,i7_Adapter_Sequence,i7_Primer
v2_Ad2.1,TAAGGCGA,TCGCCTTA,CAAGCAGAAGACGGCATACGAGATTCGCCTTAGTCTCGTGGGCTCGGAGATGTG
v2_Ad2.2,CGTACTAG,CTAGTACG,CAAGCAGAAGACGGCATACGAGATCTAGTACGGTCTCGTGGGCTCGGAGATGTG
v2_Ad2.3,AGGCAGAA,TTCTGCCT,CAAGCAGAAGACGGCATACGAGATTTCTGCCTGTCTCGTGGGCTCGGAGATGTG
v2_Ad2.4,TCCTGAGC,GCTCAGGA,CAAGCAGAAGACGGCATACGAGATGCTCAGGAGTCTCGTGGGCTCGGAGATGTG
v2_Ad2.5,GGACTCCT,AGGAGTCC,CAAGCAGAAGACGGCATACGAGATAGGAGTCCGTCTCGTGGGCTCGGAGATGTG
v2_Ad2.6,TAGGCATG,CATGCCTA,CAAGCAGAAGACGGCATACGAGATCATGCCTAGTCTCGTGGGCTCGGAGATGTG
v2_Ad2.7,CTCTCTAC,GTAGAGAG,CAAGCAGAAGACGGCATACGAGATGTAGAGAGGTCTCGTGGGCTCGGAGATGTG
v2_Ad2.8,CAGAGAGG,CCTCTCTG,CAAGCAGAAGACGGCATACGAGATCCTCTCTGGTCTCGTGGGCTCGGAGATGTG
v2_Ad2.9,GCTACGCT,AGCGTAGC,CAAGCAGAAGACGGCATACGAGATAGCGTAGCGTCTCGTGGGCTCGGAGATGTG
v2_Ad2.10,CGAGGCTG,CAGCCTCG,CAAGCAGAAGACGGCATACGAGATCAGCCTCGGTCTCGTGGGCTCGGAGATGTG
v2_Ad2.11,AAGAGGCA,TGCCTCTT,CAAGCAGAAGACGGCATACGAGATTGCCTCTTGTCTCGTGGGCTCGGAGATGTG
v2_Ad2.12,GTAGAGGA,TCCTCTAC,CAAGCAGAAGACGGCATACGAGATTCCTCTACGTCTCGTGGGCTCGGAGATGTG
v2_Ad2.13,TGGATCTG,CAGATCCA,CAAGCAGAAGACGGCATACGAGATCAGATCCAGTCTCGTGGGCTCGGAGATGTG
v2_Ad2.14,CCGTTTGT,ACAAACGG,CAAGCAGAAGACGGCATACGAGATACAAACGGGTCTCGTGGGCTCGGAGATGTG
v2_Ad2.15,TGCTGGGT,ACCCAGCA,CAAGCAGAAGACGGCATACGAGATACCCAGCAGTCTCGTGGGCTCGGAGATGTG
v2_Ad2.16,AGGTTGGG,CCCAACCT,CAAGCAGAAGACGGCATACGAGATCCCAACCTGTCTCGTGGGCTCGGAGATGTG
v2_Ad2.17,GTGTGGTG,CACCACAC,CAAGCAGAAGACGGCATACGAGATCACCACACGTCTCGTGGGCTCGGAGATGTG
v2_Ad2.18,TGGGTTTC,GAAACCCA,CAAGCAGAAGACGGCATACGAGATGAAACCCAGTCTCGTGGGCTCGGAGATGTG
v2_Ad2.19,TGGTCACA,TGTGACCA,CAAGCAGAAGACGGCATACGAGATTGTGACCAGTCTCGTGGGCTCGGAGATGTG
v2_Ad2.20,TTGACCCT,AGGGTCAA,CAAGCAGAAGACGGCATACGAGATAGGGTCAAGTCTCGTGGGCTCGGAGATGTG
v2_Ad2.21,CGCGGACA,TGTCCGCG,CAAGCAGAAGACGGCATACGAGATTGTCCGCGGTCTCGTGGGCTCGGAGATGTG
v2_Ad2.22,TTCCATAT,ATATGGAA,CAAGCAGAAGACGGCATACGAGATATATGGAAGTCTCGTGGGCTCGGAGATGTG
v2_Ad2.23,AATTCGTT,AACGAATT,CAAGCAGAAGACGGCATACGAGATAACGAATTGTCTCGTGGGCTCGGAGATGTG
v2_Ad2.24,GGCGTCGA,TCGACGCC,CAAGCAGAAGACGGCATACGAGATTCGACGCCGTCTCGTGGGCTCGGAGATGTG
v2_Ad2.25,ACAAAGTG,CACTTTGT,CAAGCAGAAGACGGCATACGAGATCACTTTGTGTCTCGTGGGCTCGGAGATGTG
v2_Ad2.26,TACTTGAA,TTCAAGTA,CAAGCAGAAGACGGCATACGAGATTTCAAGTAGTCTCGTGGGCTCGGAGATGTG
v2_Ad2.27,GTGATAGC,GCTATCAC,CAAGCAGAAGACGGCATACGAGATGCTATCACGTCTCGTGGGCTCGGAGATGTG
v2_Ad2.28,AGTAGATT,AATCTACT,CAAGCAGAAGACGGCATACGAGATAATCTACTGTCTCGTGGGCTCGGAGATGTG
v2_Ad2.29,ATTGCCGG,CCGGCAAT,CAAGCAGAAGACGGCATACGAGATCCGGCAATGTCTCGTGGGCTCGGAGATGTG
v2_Ad2.30,TTGCTAAG,CTTAGCAA,CAAGCAGAAGACGGCATACGAGATCTTAGCAAGTCTCGTGGGCTCGGAGATGTG
v2_Ad2.31,ATAAGTTA,TAACTTAT,CAAGCAGAAGACGGCATACGAGATTAACTTATGTCTCGTGGGCTCGGAGATGTG
v2_Ad2.32,ATCACTCG,CGAGTGAT,CAAGCAGAAGACGGCATACGAGATCGAGTGATGTCTCGTGGGCTCGGAGATGTG
v2_Ad2.33,GTTAACAG,CTGTTAAC,CAAGCAGAAGACGGCATACGAGATCTGTTAACGTCTCGTGGGCTCGGAGATGTG
v2_Ad2.34,AATGGTAG,CTACCATT,CAAGCAGAAGACGGCATACGAGATCTACCATTGTCTCGTGGGCTCGGAGATGTG
v2_Ad2.35,GAGCACGT,ACGTGCTC,CAAGCAGAAGACGGCATACGAGATACGTGCTCGTCTCGTGGGCTCGGAGATGTG
v2_Ad2.36,TTTCGTCA,TGACGAAA,CAAGCAGAAGACGGCATACGAGATTGACGAAAGTCTCGTGGGCTCGGAGATGTG
v2_Ad2.37,CAAGAATT,AATTCTTG,CAAGCAGAAGACGGCATACGAGATAATTCTTGGTCTCGTGGGCTCGGAGATGTG
v2_Ad2.38,GAAATGCC,GGCATTTC,CAAGCAGAAGACGGCATACGAGATGGCATTTCGTCTCGTGGGCTCGGAGATGTG
v2_Ad2.39,AACGCCAT,ATGGCGTT,CAAGCAGAAGACGGCATACGAGATATGGCGTTGTCTCGTGGGCTCGGAGATGTG
v2_Ad2.40,CCTCGCAG,CTGCGAGG,CAAGCAGAAGACGGCATACGAGATCTGCGAGGGTCTCGTGGGCTCGGAGATGTG
v2_Ad2.41,TACACCTC,GAGGTGTA,CAAGCAGAAGACGGCATACGAGATGAGGTGTAGTCTCGTGGGCTCGGAGATGTG
v2_Ad2.42,GGTCATTT,AAATGACC,CAAGCAGAAGACGGCATACGAGATAAATGACCGTCTCGTGGGCTCGGAGATGTG
v2_Ad2.43,CAATCTTA,TAAGATTG,CAAGCAGAAGACGGCATACGAGATTAAGATTGGTCTCGTGGGCTCGGAGATGTG
v2_Ad2.44,TGTGCCTT,AAGGCACA,CAAGCAGAAGACGGCATACGAGATAAGGCACAGTCTCGTGGGCTCGGAGATGTG
v2_Ad2.45,TCTTATTA,TAATAAGA,CAAGCAGAAGACGGCATACGAGATTAATAAGAGTCTCGTGGGCTCGGAGATGTG
v2_Ad2.46,GACTTAGT,ACTAAGTC,CAAGCAGAAGACGGCATACGAGATACTAAGTCGTCTCGTGGGCTCGGAGATGTG
v2_Ad2.47,AGACCAGC,GCTGGTCT,CAAGCAGAAGACGGCATACGAGATGCTGGTCTGTCTCGTGGGCTCGGAGATGTG
v2_Ad2.48,AAATACAG,CTGTATTT,CAAGCAGAAGACGGCATACGAGATCTGTATTTGTCTCGTGGGCTCGGAGATGTG
v2_Ad2.49,TTATGAAA,TTTCATAA,CAAGCAGAAGACGGCATACGAGATTTTCATAAGTCTCGTGGGCTCGGAGATGTG
v2_Ad2.50,CTTGGGTC,GACCCAAG,CAAGCAGAAGACGGCATACGAGATGACCCAAGGTCTCGTGGGCTCGGAGATGTG
v2_Ad2.51,CCAAATAA,TTATTTGG,CAAGCAGAAGACGGCATACGAGATTTATTTGGGTCTCGTGGGCTCGGAGATGTG
v2_Ad2.52,GCGTTAAA,TTTAACGC,CAAGCAGAAGACGGCATACGAGATTTTAACGCGTCTCGTGGGCTCGGAGATGTG
v2_Ad2.53,CATCCTGT,ACAGGATG,CAAGCAGAAGACGGCATACGAGATACAGGATGGTCTCGTGGGCTCGGAGATGTG
v2_Ad2.54,GGAGTAAG,CTTACTCC,CAAGCAGAAGACGGCATACGAGATCTTACTCCGTCTCGTGGGCTCGGAGATGTG
v2_Ad2.55,GACGCTCC,GGAGCGTC,CAAGCAGAAGACGGCATACGAGATGGAGCGTCGTCTCGTGGGCTCGGAGATGTG
v2_Ad2.56,TTCGCGGC,GCCGCGAA,CAAGCAGAAGACGGCATACGAGATGCCGCGAAGTCTCGTGGGCTCGGAGATGTG
v2_Ad2.57,CGGTTCCC,GGGAACCG,CAAGCAGAAGACGGCATACGAGATGGGAACCGGTCTCGTGGGCTCGGAGATGTG
v2_Ad2.58,ACCGGCTA,TAGCCGGT,CAAGCAGAAGACGGCATACGAGATTAGCCGGTGTCTCGTGGGCTCGGAGATGTG
v2_Ad2.59,CTCATGGG,CCCATGAG,CAAGCAGAAGACGGCATACGAGATCCCATGAGGTCTCGTGGGCTCGGAGATGTG
v2_Ad2.60,TTTAATGC,GCATTAAA,CAAGCAGAAGACGGCATACGAGATGCATTAAAGTCTCGTGGGCTCGGAGATGTG
v2_Ad2.61,AAACGGTC,GACCGTTT,CAAGCAGAAGACGGCATACGAGATGACCGTTTGTCTCGTGGGCTCGGAGATGTG
v2_Ad2.62,GATCCAAA,TTTGGATC,CAAGCAGAAGACGGCATACGAGATTTTGGATCGTCTCGTGGGCTCGGAGATGTG
v2_Ad2.63,ATGATGAT,ATCATCAT,CAAGCAGAAGACGGCATACGAGATATCATCATGTCTCGTGGGCTCGGAGATGTG
v2_Ad2.64,CCAACACG,CGTGTTGG,CAAGCAGAAGACGGCATACGAGATCGTGTTGGGTCTCGTGGGCTCGGAGATGTG
v2_Ad2.65,TAACAACA,TGTTGTTA,CAAGCAGAAGACGGCATACGAGATTGTTGTTAGTCTCGTGGGCTCGGAGATGTG
v2_Ad2.66,GGTAAACC,GGTTTACC,CAAGCAGAAGACGGCATACGAGATGGTTTACCGTCTCGTGGGCTCGGAGATGTG
v2_Ad2.67,CATCGACC,GGTCGATG,CAAGCAGAAGACGGCATACGAGATGGTCGATGGTCTCGTGGGCTCGGAGATGTG
v2_Ad2.68,ATGGGAAC,GTTCCCAT,CAAGCAGAAGACGGCATACGAGATGTTCCCATGTCTCGTGGGCTCGGAGATGTG
v2_Ad2.69,CGGCCAAT,ATTGGCCG,CAAGCAGAAGACGGCATACGAGATATTGGCCGGTCTCGTGGGCTCGGAGATGTG
v2_Ad2.70,GGGAATGA,TCATTCCC,CAAGCAGAAGACGGCATACGAGATTCATTCCCGTCTCGTGGGCTCGGAGATGTG
v2_Ad2.71,GTATTCGG,CCGAATAC,CAAGCAGAAGACGGCATACGAGATCCGAATACGTCTCGTGGGCTCGGAGATGTG
v2_Ad2.72,TCAGCTAT,ATAGCTGA,CAAGCAGAAGACGGCATACGAGATATAGCTGAGTCTCGTGGGCTCGGAGATGTG
v2_Ad2.73,ATTTATCT,AGATAAAT,CAAGCAGAAGACGGCATACGAGATAGATAAATGTCTCGTGGGCTCGGAGATGTG
v2_Ad2.74,ACAGTTGC,GCAACTGT,CAAGCAGAAGACGGCATACGAGATGCAACTGTGTCTCGTGGGCTCGGAGATGTG
v2_Ad2.75,CCCGAGAT,ATCTCGGG,CAAGCAGAAGACGGCATACGAGATATCTCGGGGTCTCGTGGGCTCGGAGATGTG
v2_Ad2.76,TAATGTCT,AGACATTA,CAAGCAGAAGACGGCATACGAGATAGACATTAGTCTCGTGGGCTCGGAGATGTG
v2_Ad2.77,GCCAATTC,GAATTGGC,CAAGCAGAAGACGGCATACGAGATGAATTGGCGTCTCGTGGGCTCGGAGATGTG
v2_Ad2.78,CGCCGTGC,GCACGGCG,CAAGCAGAAGACGGCATACGAGATGCACGGCGGTCTCGTGGGCTCGGAGATGTG
v2_Ad2.79,CTGACCGA,TCGGTCAG,CAAGCAGAAGACGGCATACGAGATTCGGTCAGGTCTCGTGGGCTCGGAGATGTG
v2_Ad2.80,CATTTCGA,TCGAAATG,CAAGCAGAAGACGGCATACGAGATTCGAAATGGTCTCGTGGGCTCGGAGATGTG
v2_Ad2.81,GCTTGCCA,TGGCAAGC,CAAGCAGAAGACGGCATACGAGATTGGCAAGCGTCTCGTGGGCTCGGAGATGTG
v2_Ad2.82,TTCTACCA,TGGTAGAA,CAAGCAGAAGACGGCATACGAGATTGGTAGAAGTCTCGTGGGCTCGGAGATGTG
v2_Ad2.83,ACGTGACG,CGTCACGT,CAAGCAGAAGACGGCATACGAGATCGTCACGTGTCTCGTGGGCTCGGAGATGTG
v2_Ad2.84,TGTCCGCG,CGCGGACA,CAAGCAGAAGACGGCATACGAGATCGCGGACAGTCTCGTGGGCTCGGAGATGTG
v2_Ad2.85,TTAAACTT,AAGTTTAA,CAAGCAGAAGACGGCATACGAGATAAGTTTAAGTCTCGTGGGCTCGGAGATGTG
v2_Ad2.86,ACCACAAC,GTTGTGGT,CAAGCAGAAGACGGCATACGAGATGTTGTGGTGTCTCGTGGGCTCGGAGATGTG
v2_Ad2.87,GCCTCTGG,CCAGAGGC,CAAGCAGAAGACGGCATACGAGATCCAGAGGCGTCTCGTGGGCTCGGAGATGTG
v2_Ad2.88,TCGCCCAC,GTGGGCGA,CAAGCAGAAGACGGCATACGAGATGTGGGCGAGTCTCGTGGGCTCGGAGATGTG
v2_Ad2.89,CACTAGGC,GCCTAGTG,CAAGCAGAAGACGGCATACGAGATGCCTAGTGGTCTCGTGGGCTCGGAGATGTG
v2_Ad2.90,TCGAAGCC,GGCTTCGA,CAAGCAGAAGACGGCATACGAGATGGCTTCGAGTCTCGTGGGCTCGGAGATGTG
v2_Ad2.91,GCATGTAC,GTACATGC,CAAGCAGAAGACGGCATACGAGATGTACATGCGTCTCGTGGGCTCGGAGATGTG
v2_Ad2.92,GTTCGAGT,ACTCGAAC,CAAGCAGAAGACGGCATACGAGATACTCGAACGTCTCGTGGGCTCGGAGATGTG
v2_Ad2.93,CCGGGCGC,GCGCCCGG,CAAGCAGAAGACGGCATACGAGATGCGCCCGGGTCTCGTGGGCTCGGAGATGTG
v2_Ad2.94,AGATTTAA,TTAAATCT,CAAGCAGAAGACGGCATACGAGATTTAAATCTGTCTCGTGGGCTCGGAGATGTG
v2_Ad2.95,CACCATTG,CAATGGTG,CAAGCAGAAGACGGCATACGAGATCAATGGTGGTCTCGTGGGCTCGGAGATGTG
v2_Ad2.96,AATAAGAC,GTCTTATT,CAAGCAGAAGACGGCATACGAGATGTCTTATTGTCTCGTGGGCTCGGAGATGTG
