Index_ID	I7_Index	I5_Sequence	I5_Sequence_ReverseComplement
NEXTFLEX1	AATCGTTA	AATAACGT	ACGTTATT
NEXTFLEX2	GTCTACAT	TTCTTGAA	TTCAAGAA
NEXTFLEX3	CGCTGCTC	GGCAGATC	GATCTGCC
NEXTFLEX4	GATCAACA	CTATGTTA	TAACATAG
NEXTFLEX5	CGAAGGAC	GTTGACGC	GCGTCAAC
NEXTFLEX6	GATGCCGG	ATCTACGA	TCGTAGAT
NEXTFLEX7	CTACGAAG	CTCGACAG	CTGTCGAG
NEXTFLEX8	GATGCGTC	GAGGCTGC	GCAGCCTC
NEXTFLEX9	CTACGGCA	CCTCGTAG	CTACGAGG
NEXTFLEX10	GATTCCTT	CATAGGCA	TGCCTATG
NEXTFLEX11	CTACTCGA	AGATGAAC	GTTCATCT
NEXTFLEX12	GATTCGAG	CCGAGTAT	ATACTCGG
NEXTFLEX13	AATCGGCG	AATATTGA	TCAATATT
NEXTFLEX14	TTCGCCGA	GTATACCG	CGGTATAC
NEXTFLEX15	CTGGCCTC	GATCCAAC	GTTGGATC
NEXTFLEX16	GAACTTAT	AGATACGC	GCGTATCT
NEXTFLEX17	CGTATTGG	GGTATCTT	AAGATACC
NEXTFLEX18	GAAGCACA	CCTCTGGC	GCCAGAGG
NEXTFLEX19	CTTAATAC	CCATTGTG	CACAATGG
NEXTFLEX20	GAAGTCTT	ACTACGGT	ACCGTAGT
NEXTFLEX21	GAAGAGGC	AAGTGCTA	TAGCACTT
NEXTFLEX22	CGGATAAC	GCCGAACG	CGTTCGGC
NEXTFLEX23	GAATCTGG	TGTCCACG	CGTGGACA
NEXTFLEX24	CTGATTGA	GACACACT	AGTGTGTC
NEXTFLEX25	AATCCGTT	AATATGCT	AGCATATT
NEXTFLEX26	TGCGTACA	TTCTCATA	TATGAGAA
NEXTFLEX27	GAATCAAT	TCTGTGAT	ATCACAGA
NEXTFLEX28	TGAGTCAG	CCGAACTT	AAGTTCGG
NEXTFLEX29	GAATGCTC	GTCTAACA	TGTTAGAC
NEXTFLEX30	GAATATCC	GACGCCAT	ATGGCGTC
NEXTFLEX31	CTTATGAA	GCCAATGT	ACATTGGC
NEXTFLEX32	TCGGCACC	CCAACGTC	GACGTTGG
NEXTFLEX33	AAGAAGCG	GTAGATAA	TTATCTAC
NEXTFLEX34	CTCACGAT	CTTACGGC	GCCGTAAG
NEXTFLEX35	TCGGTCGA	CCAAGTGC	GCACTTGG
NEXTFLEX36	TCGGTAAG	CTAACTCA	TGAGTTAG
NEXTFLEX37	AAGATACA	AATATCTG	CAGATATT
NEXTFLEX38	GTCGCTGT	TTATATCA	TGATATAA
NEXTFLEX39	TCGGATGT	CTGCGGAT	ATCCGCAG
NEXTFLEX40	CGAGCCGG	GCGGCTTG	CAAGCCGC
NEXTFLEX41	CGATTATC	GAGTTGAT	ATCAACTC
NEXTFLEX42	TCGAAGCT	GCACTGAG	CTCAGTGC
NEXTFLEX43	CTATCATT	GACCACCT	AGGTGGTC
NEXTFLEX44	CGCGCCAA	TGGCTAGG	CCTAGCCA
NEXTFLEX45	CGAACGGA	CCTACCGG	CCGGTAGG
NEXTFLEX46	CTACTGAC	GGAGGATG	CATCCTCC
NEXTFLEX47	TCTTAAGT	CGCTGAAT	ATTCAGCG
NEXTFLEX48	TTAGAGTC	TGTGACGA	TCGTCACA
NEXTFLEX49	AAGACGAA	AATAGATT	AATCTATT
NEXTFLEX50	TTATTATG	TTAGCGCA	TGCGCTAA
NEXTFLEX51	CGCTATTA	GCGGCCGT	ACGGCCGC
NEXTFLEX52	TCTATCAG	CAGTAACC	GGTTACTG
NEXTFLEX53	CGGTGGTA	GCCTAGTA	TACTAGGC
NEXTFLEX54	TCACCAAT	CACGGCGC	GCGCCGTG
NEXTFLEX55	CTGGAAGC	GGTGCAGA	TCTGCACC
NEXTFLEX56	TCCTCGAT	GTAACTGC	GCAGTTAC
NEXTFLEX57	AAGAGAGC	CAGCCAGT	ACTGGCTG
NEXTFLEX58	TCAACGAG	CGTCAACC	GGTTGACG
NEXTFLEX59	TGCGAGAC	GCCGGCGA	TCGCCGGC
NEXTFLEX60	CCTGGTGT	GCCTCCGG	CCGGAGGC
NEXTFLEX61	AAGTAAGT	AATAGTCC	GGACTATT
NEXTFLEX62	TGACTGAA	TTAGACGT	ACGTCTAA
NEXTFLEX63	AAGACTGT	GTGGACTA	TAGTCCAC
NEXTFLEX64	CAATGATG	CACGGACG	CGTCCGTG
NEXTFLEX65	CACAGTAA	CACTAGAG	CTCTAGTG
NEXTFLEX66	TGGTCATT	GCAGATGG	CCATCTGC
NEXTFLEX67	CAACCGTG	CTCTCACG	CGTGAGAG
NEXTFLEX68	TGGTGCAC	GGAATCAC	GTGATTCC
NEXTFLEX69	CCACAATG	CGTTGACG	CGTCAACG
NEXTFLEX70	TGTGTGCC	CATCAGGT	ACCTGATG
NEXTFLEX71	CACCACGG	CGTTGTAA	TTACAACG
NEXTFLEX72	TGTGTTAA	GGCACGGT	ACCGTGCC
NEXTFLEX73	AAGTTATC	AATAGCAA	TTGCTATT
NEXTFLEX74	GTACAGCT	TGATCGGT	ACCGATCA
NEXTFLEX75	CAACTGCT	AGTAGTAT	ATACTACT
NEXTFLEX76	CATGATGA	GTTAGAGG	CCTCTAAC
NEXTFLEX77	TGACTACT	CCTTACAG	CTGTAAGG
NEXTFLEX78	CAGAAGAT	GTACATTG	CAATGTAC
NEXTFLEX79	TGAGGCGC	GGAGACCA	TGGTCTCC
NEXTFLEX80	CAGGTTCC	CGAACACC	GGTGTTCG
NEXTFLEX81	TGAACAGG	GAGAACAA	TTGTTCTC
NEXTFLEX82	CAGTGTGG	TGTGAATC	GATTCACA
NEXTFLEX83	TTCCACCA	GGTTAAGG	CCTTAACC
NEXTFLEX84	CCGCTGTT	AGACCGCA	TGCGGTCT
NEXTFLEX85	AAGTTGGA	AATACAGG	CCTGTATT
NEXTFLEX86	GGACAACG	TGATGGCC	GGCCATCA
NEXTFLEX87	TTCGAACC	TGTCACCT	AGGTGACA
NEXTFLEX88	CAGACCAC	GCTTCGGC	GCCGAAGC
NEXTFLEX89	TTCTGGTG	CCAGTGGT	ACCACTGG
NEXTFLEX90	CAATCGAA	GCACACGC	GCGTGTGC
NEXTFLEX91	AAGTACAG	GTCACGTC	GACGTGAC
NEXTFLEX92	CCGTGCCA	GCAGCTCC	GGAGCTGC
NEXTFLEX93	CATTGCAC	CATGCAGC	GCTGCATG
NEXTFLEX94	TTACCTGG	ACGATTGC	GCAATCGT
NEXTFLEX95	CTGCAACG	GACATTCG	CGAATGTC
NEXTFLEX96	TACTGTTA	GCGAATAC	GTATTCGC
NEXTFLEX97	AAGTGTAT	AATTAATG	CATTAATT
NEXTFLEX98	GTCCACTC	TTAATTCC	GGAATTAA
NEXTFLEX99	CTTGCTAT	GAAGGAAC	GTTCCTTC
NEXTFLEX100	TACATAGA	CAGGCATA	TATGCCTG
NEXTFLEX101	TAGCCGAT	CCAATACT	AGTATTGG
NEXTFLEX102	CGATCCAC	TCGCGCAT	ATGCGCGA
NEXTFLEX103	TAGCGTTG	GTGTGAAC	GTTCACAC
NEXTFLEX104	CTCATCAC	GGTGGCAC	GTGCCACC
NEXTFLEX105	TATGCGGT	TAGGTGCT	AGCACCTA
NEXTFLEX106	TAACTCGC	GAGCGGTT	AACCGCTC
NEXTFLEX107	CGTACGTT	AGGATTAG	CTAATCCT
NEXTFLEX108	TAAGTACC	GTGAGCCA	TGGCTCAC
NEXTFLEX109	AAGTCGTG	AATTATGC	GCATAATT
NEXTFLEX110	TTCAGAAC	TTACGCCG	CGGCGTAA
NEXTFLEX111	GTTATATA	GTAGTGAT	ATCACTAC
NEXTFLEX112	ACCGCTAT	TGGTTGCA	TGCAACCA
NEXTFLEX113	ACCGTCCT	GTCCGACC	GGTCGGAC
NEXTFLEX114	TGTCTAAC	GCCAGCCG	CGGCTGGC
NEXTFLEX115	ACCGAGGT	CTCGTGTC	GACACGAG
NEXTFLEX116	ACCGATTA	GCCGTGGC	GCCACGGC
NEXTFLEX117	GTTCTACT	GTAGCCAC	GTGGCTAC
NEXTFLEX118	ACCTGACT	GACTTATA	TATAAGTC
NEXTFLEX119	GGTAATCG	GAACGTCG	CGACGTTC
NEXTFLEX120	ACCTTAGA	ATGCGTAG	CTACGCAT
NEXTFLEX121	AAGGAGTT	AATTAGAT	ATCTAATT
NEXTFLEX122	TGAAGCCA	TTACGATA	TATCGTAA
NEXTFLEX123	GTGTTGTA	CTGTACAA	TTGTACAG
NEXTFLEX124	ACCACACG	CGTGGTTG	CAACCACG
NEXTFLEX125	ACCAGGAC	TGTAGCGG	CCGCTACA
NEXTFLEX126	TTGGCAGG	GTGTCATG	CATGACAC
NEXTFLEX127	ACCATTAA	GAACCGGT	ACCGGTTC
NEXTFLEX128	TTGTAGAT	CACTCTGA	TCAGAGTG
NEXTFLEX129	ACCATATC	TACACGTT	AACGTGTA
NEXTFLEX130	TTGGTGGC	GAGTGCCT	AGGCACTC
NEXTFLEX131	ACCAACAT	GACGGTCC	GGACCGTC
NEXTFLEX132	GTCTGTGC	CTGATGCT	AGCATCAG
NEXTFLEX133	AAGGCAAT	AATTACCA	TGGTAATT
NEXTFLEX134	TGCATTGC	GTCCTGTT	AACAGGAC
NEXTFLEX135	ACGCCACT	GTTAACAG	CTGTTAAC
NEXTFLEX136	AAGTCTCC	AGCCTGTA	TACAGGCT
NEXTFLEX137	GGATCTCT	ACGTTGCT	AGCAACGT
NEXTFLEX138	ACGCGATC	GGTGTTGC	GCAACACC
NEXTFLEX139	GGATAATA	TGGTACTA	TAGTACCA
NEXTFLEX140	ACGCTTAT	CATCATTG	CAATGATG
NEXTFLEX141	TTAGGTTG	GACGATTG	CAATCGTC
NEXTFLEX142	ACGCACAA	CGGCCGAA	TTCGGCCG
NEXTFLEX143	TGAATATA	CTGCCGCC	GGCGGCAG
NEXTFLEX144	TGCTCCGC	ACTAACCG	CGGTTAGT
NEXTFLEX145	AAGCAATA	AATTGAGA	TCTCAATT
NEXTFLEX146	TTATGTAT	TTCAAGAG	CTCTTGAA
NEXTFLEX147	ACGGCAGA	GTCCGCAA	TTGCGGAC
NEXTFLEX148	GGACTCTG	CAAGGTAG	CTACCTTG
NEXTFLEX149	GTACGTAC	AGCGACTC	GAGTCGCT
NEXTFLEX150	GGAAGGTA	GTAGTATC	GATACTAC
NEXTFLEX151	ACGTCCAT	GTGGCGAA	TTCGCCAC
NEXTFLEX152	ACGTGTTG	ACGTGCGC	GCGCACGT
NEXTFLEX153	TGAAGAAT	GAAGACAG	CTGTCTTC
NEXTFLEX154	ACGTAGTC	GCGCAGAT	ATCTGCGC
NEXTFLEX155	AAGGATAA	AGAGACAT	ATGTCTCT
NEXTFLEX156	GGCGAGGA	CACTTGTT	AACAAGTG
NEXTFLEX157	AACAAGGC	AATTGGTC	GACCAATT
NEXTFLEX158	TTGGTCCG	TTAACACT	AGTGTTAA
NEXTFLEX159	ACGAGCCT	GCTCAGCG	CGCTGAGC
NEXTFLEX160	GGAGATTC	GTTCAGAC	GTCTGAAC
NEXTFLEX161	TGCGCGCT	CAGTTGCG	CGCAACTG
NEXTFLEX162	ACGATCTA	GCAATATG	CATATTGC
NEXTFLEX163	TGCTGAGG	CGCAACGT	ACGTTGCG
NEXTFLEX164	ACTCCTCC	GGTGAGAT	ATCTCACC
NEXTFLEX165	ACTCTACG	CCAGCTGA	TCAGCTGG
NEXTFLEX166	TTCGTTCT	GTTGAGCA	TGCTCAAC
NEXTFLEX167	TGCAGTCG	CTGTAGTG	CACTACAG
NEXTFLEX168	TGCCGTAA	GTGCATCC	GGATGCAC
NEXTFLEX169	AACAGTTG	AATTCACT	AGTGAATT
NEXTFLEX170	TGTTAACA	TTCAGTGA	TCACTGAA
NEXTFLEX171	ACTTCCTG	AGTCGCGA	TCGCGACT
NEXTFLEX172	TGAATGCG	CCATATCG	CGATATGG
NEXTFLEX173	ACTTGTAC	AAGCATGG	CCATGCTT
NEXTFLEX174	ACTACTTA	CGTGTCTA	TAGACACG
NEXTFLEX175	CTCTTCGT	CCGTCTAA	TTAGACGG
NEXTFLEX176	ACTAGCTC	CGAGAGTG	CACTCTCG
NEXTFLEX177	TTATCAAC	CGAGTACG	CGTACTCG
NEXTFLEX178	TGCTTGTC	GTGTCTCA	TGAGACAC
NEXTFLEX179	AAGGTAGG	CCATCGCT	AGCGATGG
NEXTFLEX180	TGGTATGG	CTTCGCTC	GAGCGAAG
NEXTFLEX181	AACACATA	AATTCTAA	TTAGAATT
NEXTFLEX182	TGGTGTCT	TTCATCTG	CAGATGAA
NEXTFLEX183	ACACTAAC	ACAGTGAA	TTCACTGT
NEXTFLEX184	TTGTGTTC	AGATGTGA	TCACATCT
NEXTFLEX185	ACACACCT	GGCAACTG	CAGTTGCC
NEXTFLEX186	GGTGTCCG	CAGCGTCT	AGACGCTG
NEXTFLEX187	ACACATTC	CTGTCGGT	ACCGACAG
NEXTFLEX188	TTGCTTAA	TCGGCGTT	AACGCCGA
NEXTFLEX189	ACAGCCTT	CACACGCG	CGCGTGTG
NEXTFLEX190	TTGCAGTA	AGCCAACA	TGTTGGCT
NEXTFLEX191	ACAGGCAG	AGCAAGTT	AACTTGCT
NEXTFLEX192	TTGCCATC	ACGCGTCA	TGACGCGT
NEXTFLEX289	ATATCCTA	AATAATAG	CTATTATT
NEXTFLEX290	GATAGGAT	GTCGGATA	TATCCGAC
NEXTFLEX291	ATACTGCG	CACATTGT	ACAATGTG
NEXTFLEX292	TCTTCCGA	GGTTACAA	TTGTAACC
NEXTFLEX293	ATACCTAT	CACGAATT	AATTCGTG
NEXTFLEX294	TCGTTATA	GGTATGCA	TGCATACC
NEXTFLEX295	TAATTAGT	CAGGACCT	AGGTCCTG
NEXTFLEX296	ATTATTCG	GGACTGGC	GCCAGTCC
NEXTFLEX297	TAATAATC	CAGAGCGA	TCGCTCTG
NEXTFLEX298	ATTATCGC	GGAGCTAG	CTAGCTCC
NEXTFLEX299	TAATATAG	CAGCTTAG	CTAAGCTG
NEXTFLEX300	ATTAGACA	CCGCCAAC	GTTGGCGG
NEXTFLEX301	ATAGATCT	CCTATGCG	CGCATAGG
NEXTFLEX302	TAGAGCTC	GGATCCGA	TCGGATCC
NEXTFLEX303	ATTACAAT	GGATTGTT	AACAATCC
NEXTFLEX304	ATTGAAGT	CAGGTGAA	TTCACCTG
NEXTFLEX305	ATTGATTC	GGAACATT	AATGTTCC
NEXTFLEX306	TAACTAAG	CAAGACTC	GAGTCTTG
NEXTFLEX307	ATTGACAA	GTGCGGCG	CGCCGCAC
NEXTFLEX308	ATTGTGTT	CAATCTTC	GAAGATTG
NEXTFLEX309	ATTGCTGA	GTGCTCAG	CTGAGCAC
NEXTFLEX310	TACATCCT	CAACGCAT	ATGCGTTG
NEXTFLEX311	ATTCACGG	GTGTAGGC	GCCTACAC
NEXTFLEX312	TAATTGAC	CAACTATA	TATAGTTG
NEXTFLEX313	ATAGTCTG	GCATTGCA	TGCAATGC
NEXTFLEX314	TATAAGAC	CTTACATG	CATGTAAG
NEXTFLEX315	ATTCTTAC	GTGTATAG	CTATACAC
NEXTFLEX316	TCGATTCA	AACAATCA	TGATTGTT
NEXTFLEX317	ATTCTCTA	CACTATCT	AGATAGTG
NEXTFLEX318	ATTCGATG	GTGATCTC	GAGATCAC
NEXTFLEX319	TAAGCTAC	CAATCCGT	ACGGATTG
NEXTFLEX320	ATTCGTGT	GTTCGTCA	TGACGAAC
NEXTFLEX321	ATGAATAT	CCACTTAA	TTAAGTGG
NEXTFLEX322	ATGAAGGA	GTTGAATG	CATTCAAC
NEXTFLEX323	ATGAACTG	CCAGCAAG	CTTGCTGG
NEXTFLEX324	ATGAGCAC	GTTAGTTC	GAACTAAC
NEXTFLEX325	ATAGGAAT	CCAGGCTA	TAGCCTGG
NEXTFLEX326	TAGACGGC	GGTCCGCT	AGCGGACC
NEXTFLEX327	GAATAGTG	CACTTCCA	TGGAAGTG
NEXTFLEX328	ATGACACC	GTTAAGTT	AACTTAAC
NEXTFLEX329	ATGACGTT	AATCTAGT	ACTAGATT
NEXTFLEX330	ATGTATTA	GTTAATGA	TCATTAAC
NEXTFLEX331	ATGTACCT	CATACCTA	TAGGTATG
NEXTFLEX332	TCAATGGA	GTATGAGT	ACTCATAC
NEXTFLEX333	GAGGTCAC	TAGATTAC	GTAATCTA
NEXTFLEX334	TAACCAGA	GACCGAAT	ATTCGGTC
NEXTFLEX335	ATGTGATT	CGTTACTT	AAGTAACG
NEXTFLEX336	TAACAGCC	GACCTGAC	GTCAGGTC
NEXTFLEX337	TATCTGTC	TTCGGCAT	ATGCCGAA
NEXTFLEX338	AGATAACT	CCGAAGGC	GCCTTCGG
NEXTFLEX339	ATGTGGCA	GACCATGA	TCATGGTC
NEXTFLEX340	TAACACTG	GACGTGCA	TGCACGTC
NEXTFLEX341	ATGTCTGG	CGGCGACA	TGTCGCCG
NEXTFLEX342	TCAAGCAC	GACTAGGT	ACCTAGTC
NEXTFLEX343	ATGGTAAC	CGGTAGAC	GTCTACCG
NEXTFLEX344	ATGGTTCA	GACAGCTT	AAGCTGTC
NEXTFLEX345	TCCAACGG	CGCTCGCA	TGCGAGCG
NEXTFLEX346	GAACAGAA	GAGATAGT	ACTATCTC
NEXTFLEX347	ATGGCCAG	AACACTAC	GTAGTGTT
NEXTFLEX348	TCACGTGA	GTGTGCGG	CCGCACAC
NEXTFLEX349	ATACAACC	ACCGTGTG	CACACGGT
NEXTFLEX350	TATGTTGG	TGGACACA	TGTGTCCA
NEXTFLEX351	ATGCTAGA	AACTACTT	AAGTAGTT
NEXTFLEX352	ATGCTGTC	TTGAGGAA	TTCCTCAA
NEXTFLEX353	GATTGACC	AACTTAAT	ATTAAGTT
NEXTFLEX354	ATCATACT	TTGACTTA	TAAGTCAA
NEXTFLEX355	ATCAGCTA	AACTTGCC	GGCAAGTT
NEXTFLEX356	ATCACGCA	GTGCACGT	ACGTGCAC
NEXTFLEX357	GAGTTCTG	AACTTCGG	CCGAAGTT
NEXTFLEX358	ATCACCGT	TGTACGAA	TTCGTACA
NEXTFLEX359	TCTTGGAA	AACTCAGC	GCTGAGTT
NEXTFLEX360	ATCTAATC	TGTATTCT	AGAATACA
NEXTFLEX361	ATACATGA	GTCGTCGG	CCGACGAC
NEXTFLEX362	TATTGAAT	CCGACGCA	TGCGTCGG
NEXTFLEX363	GCTAGTCT	AACGAAGA	TCTTCGTT
NEXTFLEX364	ATCTAGCG	TGTCGGAT	ATCCGACA
NEXTFLEX365	TCTCGCTA	AACGACCG	CGGTCGTT
NEXTFLEX366	ATCTGAAG	TGTCGTGC	GCACGACA
NEXTFLEX367	TCTAATGC	AACGTCAA	TTGACGTT
NEXTFLEX368	GATAGCGC	TGTAAGGT	ACCTTACA
NEXTFLEX369	CTCCTACA	ACTGAGAC	GTCTCAGT
NEXTFLEX370	TATCAAGC	TTGAATCG	CGATTCAA
NEXTFLEX371	ATCGCATT	AACGGTGT	ACACCGTT
NEXTFLEX372	ATCCAGAA	AACCAGTG	CACTGGTT
NEXTFLEX373	ATACTATT	AATATAAC	GTTATATT
NEXTFLEX374	GATGATAC	GGCGCGTG	CACGCGCC
NEXTFLEX375	GCGGTATT	TTGTTACC	GGTAACAA
NEXTFLEX376	ATCCGTTC	AACCTTGC	GCAAGGTT
NEXTFLEX377	AGAATTCA	TGTGCAAT	ATTGCACA
NEXTFLEX378	TATGACTT	AACCGAGG	CCTCGGTT
NEXTFLEX379	GAGTCAGA	TTGGATAC	GTATCCAA
NEXTFLEX380	AGAAGACG	AACCGCAC	GTGCGGTT
NEXTFLEX381	AGAAGCTT	TGTTAGTG	CACTAACA
NEXTFLEX382	GAGTAGCA	TATTCGTA	TACGAATA
NEXTFLEX383	AGAACCAA	ATAATTGT	ACAATTAT
NEXTFLEX384	GCTTGGTG	TAGTCCAA	TTGGACTA
