NEXTFLEX_ID,i7_Index,i5_Index,i5_Adapter_Sequence
UDI0001,AATCGTTA,ACGTTATT,AATAACGT
UDI0002,GTCTACAT,TTCAAGAA,TTCTTGAA
UDI0003,CGCTGCTC,GATCTGCC,GGCAGATC
UDI0004,GATCAACA,TAACATAG,CTATGTTA
UDI0005,CGAAGGAC,GCGTCAAC,GTTGACGC
UDI0006,GATGCCGG,TCGTAGAT,ATCTACGA
UDI0007,CTACGAAG,CTGTCGAG,CTCGACAG
UDI0008,GATGCGTC,GCAGCCTC,GAGGCTGC
UDI0009,CTACGGCA,CTACGAGG,CCTCGTAG
UDI0010,GATTCCTT,TGCCTATG,CATAGGCA
UDI0011,CTACTCGA,GTTCATCT,AGATGAAC
UDI0012,GATTCGAG,ATACTCGG,CCGAGTAT
UDI0013,AATCGGCG,TCAATATT,AATATTGA
UDI0014,TTCGCCGA,CGGTATAC,GTATACCG
UDI0015,CTGGCCTC,GTTGGATC,GATCCAAC
UDI0016,GAACTTAT,GCGTATCT,AGATACGC
UDI0017,CGTATTGG,AAGATACC,GGTATCTT
UDI0018,GAAGCACA,GCCAGAGG,CCTCTGGC
UDI0019,CTTAATAC,CACAATGG,CCATTGTG
UDI0020,GAAGTCTT,ACCGTAGT,ACTACGGT
UDI0021,GAAGAGGC,TAGCACTT,AAGTGCTA
UDI0022,CGGATAAC,CGTTCGGC,GCCGAACG
UDI0023,GAATCTGG,CGTGGACA,TGTCCACG
UDI0024,CTGATTGA,AGTGTGTC,GACACACT
UDI0025,AATCCGTT,AGCATATT,AATATGCT
UDI0026,TGCGTACA,TATGAGAA,TTCTCATA
UDI0027,GAATCAAT,ATCACAGA,TCTGTGAT
UDI0028,TGAGTCAG,AAGTTCGG,CCGAACTT
UDI0029,GAATGCTC,TGTTAGAC,GTCTAACA
UDI0030,GAATATCC,ATGGCGTC,GACGCCAT
UDI0031,CTTATGAA,ACATTGGC,GCCAATGT
UDI0032,TCGGCACC,GACGTTGG,CCAACGTC
UDI0033,AAGAAGCG,TTATCTAC,GTAGATAA
UDI0034,CTCACGAT,GCCGTAAG,CTTACGGC
UDI0035,TCGGTCGA,GCACTTGG,CCAAGTGC
UDI0036,TCGGTAAG,TGAGTTAG,CTAACTCA
UDI0037,AAGATACA,CAGATATT,AATATCTG
UDI0038,GTCGCTGT,TGATATAA,TTATATCA
UDI0039,TCGGATGT,ATCCGCAG,CTGCGGAT
UDI0040,CGAGCCGG,CAAGCCGC,GCGGCTTG
UDI0041,CGATTATC,ATCAACTC,GAGTTGAT
UDI0042,TCGAAGCT,CTCAGTGC,GCACTGAG
UDI0043,CTATCATT,AGGTGGTC,GACCACCT
UDI0044,CGCGCCAA,CCTAGCCA,TGGCTAGG
UDI0045,CGAACGGA,CCGGTAGG,CCTACCGG
UDI0046,CTACTGAC,CATCCTCC,GGAGGATG
UDI0047,TCTTAAGT,ATTCAGCG,CGCTGAAT
UDI0048,TTAGAGTC,TCGTCACA,TGTGACGA
UDI0049,AAGACGAA,AATCTATT,AATAGATT
UDI0050,TTATTATG,TGCGCTAA,TTAGCGCA
UDI0051,CGCTATTA,ACGGCCGC,GCGGCCGT
UDI0052,TCTATCAG,GGTTACTG,CAGTAACC
UDI0053,CGGTGGTA,TACTAGGC,GCCTAGTA
UDI0054,TCACCAAT,GCGCCGTG,CACGGCGC
UDI0055,CTGGAAGC,TCTGCACC,GGTGCAGA
UDI0056,TCCTCGAT,GCAGTTAC,GTAACTGC
UDI0057,AAGAGAGC,ACTGGCTG,CAGCCAGT
UDI0058,TCAACGAG,GGTTGACG,CGTCAACC
UDI0059,TGCGAGAC,TCGCCGGC,GCCGGCGA
UDI0060,CCTGGTGT,CCGGAGGC,GCCTCCGG
UDI0061,AAGTAAGT,GGACTATT,AATAGTCC
UDI0062,TGACTGAA,ACGTCTAA,TTAGACGT
UDI0063,AAGACTGT,TAGTCCAC,GTGGACTA
UDI0064,CAATGATG,CGTCCGTG,CACGGACG
UDI0065,CACAGTAA,CTCTAGTG,CACTAGAG
UDI0066,TGGTCATT,CCATCTGC,GCAGATGG
UDI0067,CAACCGTG,CGTGAGAG,CTCTCACG
UDI0068,TGGTGCAC,GTGATTCC,GGAATCAC
UDI0069,CCACAATG,CGTCAACG,CGTTGACG
UDI0070,TGTGTGCC,ACCTGATG,CATCAGGT
UDI0071,CACCACGG,TTACAACG,CGTTGTAA
UDI0072,TGTGTTAA,ACCGTGCC,GGCACGGT
UDI0073,AAGTTATC,TTGCTATT,AATAGCAA
UDI0074,GTACAGCT,ACCGATCA,TGATCGGT
UDI0075,CAACTGCT,ATACTACT,AGTAGTAT
UDI0076,CATGATGA,CCTCTAAC,GTTAGAGG
UDI0077,TGACTACT,CTGTAAGG,CCTTACAG
UDI0078,CAGAAGAT,CAATGTAC,GTACATTG
UDI0079,TGAGGCGC,TGGTCTCC,GGAGACCA
UDI0080,CAGGTTCC,GGTGTTCG,CGAACACC
UDI0081,TGAACAGG,TTGTTCTC,GAGAACAA
UDI0082,CAGTGTGG,GATTCACA,TGTGAATC
UDI0083,TTCCACCA,CCTTAACC,GGTTAAGG
UDI0084,CCGCTGTT,TGCGGTCT,AGACCGCA
UDI0085,AAGTTGGA,CCTGTATT,AATACAGG
UDI0086,GGACAACG,GGCCATCA,TGATGGCC
UDI0087,TTCGAACC,AGGTGACA,TGTCACCT
UDI0088,CAGACCAC,GCCGAAGC,GCTTCGGC
UDI0089,TTCTGGTG,ACCACTGG,CCAGTGGT
UDI0090,CAATCGAA,GCGTGTGC,GCACACGC
UDI0091,AAGTACAG,GACGTGAC,GTCACGTC
UDI0092,CCGTGCCA,GGAGCTGC,GCAGCTCC
UDI0093,CATTGCAC,GCTGCATG,CATGCAGC
UDI0094,TTACCTGG,GCAATCGT,ACGATTGC
UDI0095,CTGCAACG,CGAATGTC,GACATTCG
UDI0096,TACTGTTA,GTATTCGC,GCGAATAC
UDI0097,AAGTGTAT,CATTAATT,AATTAATG
UDI0098,GTCCACTC,GGAATTAA,TTAATTCC
UDI0099,CTTGCTAT,GTTCCTTC,GAAGGAAC
UDI0100,TACATAGA,TATGCCTG,CAGGCATA
UDI0101,TAGCCGAT,AGTATTGG,CCAATACT
UDI0102,CGATCCAC,ATGCGCGA,TCGCGCAT
UDI0103,TAGCGTTG,GTTCACAC,GTGTGAAC
UDI0104,CTCATCAC,GTGCCACC,GGTGGCAC
UDI0105,TATGCGGT,AGCACCTA,TAGGTGCT
UDI0106,TAACTCGC,AACCGCTC,GAGCGGTT
UDI0107,CGTACGTT,CTAATCCT,AGGATTAG
UDI0108,TAAGTACC,TGGCTCAC,GTGAGCCA
UDI0109,AAGTCGTG,GCATAATT,AATTATGC
UDI0110,TTCAGAAC,CGGCGTAA,TTACGCCG
UDI0111,GTTATATA,ATCACTAC,GTAGTGAT
UDI0112,ACCGCTAT,TGCAACCA,TGGTTGCA
UDI0113,ACCGTCCT,GGTCGGAC,GTCCGACC
UDI0114,TGTCTAAC,CGGCTGGC,GCCAGCCG
UDI0115,ACCGAGGT,GACACGAG,CTCGTGTC
UDI0116,ACCGATTA,GCCACGGC,GCCGTGGC
UDI0117,GTTCTACT,GTGGCTAC,GTAGCCAC
UDI0118,ACCTGACT,TATAAGTC,GACTTATA
UDI0119,GGTAATCG,CGACGTTC,GAACGTCG
UDI0120,ACCTTAGA,CTACGCAT,ATGCGTAG
UDI0121,AAGGAGTT,ATCTAATT,AATTAGAT
UDI0122,TGAAGCCA,TATCGTAA,TTACGATA
UDI0123,GTGTTGTA,TTGTACAG,CTGTACAA
UDI0124,ACCACACG,CAACCACG,CGTGGTTG
UDI0125,ACCAGGAC,CCGCTACA,TGTAGCGG
UDI0126,TTGGCAGG,CATGACAC,GTGTCATG
UDI0127,ACCATTAA,ACCGGTTC,GAACCGGT
UDI0128,TTGTAGAT,TCAGAGTG,CACTCTGA
UDI0129,ACCATATC,AACGTGTA,TACACGTT
UDI0130,TTGGTGGC,AGGCACTC,GAGTGCCT
UDI0131,ACCAACAT,GGACCGTC,GACGGTCC
UDI0132,GTCTGTGC,AGCATCAG,CTGATGCT
UDI0133,AAGGCAAT,TGGTAATT,AATTACCA
UDI0134,TGCATTGC,AACAGGAC,GTCCTGTT
UDI0135,ACGCCACT,CTGTTAAC,GTTAACAG
UDI0136,AAGTCTCC,TACAGGCT,AGCCTGTA
UDI0137,GGATCTCT,AGCAACGT,ACGTTGCT
UDI0138,ACGCGATC,GCAACACC,GGTGTTGC
UDI0139,GGATAATA,TAGTACCA,TGGTACTA
UDI0140,ACGCTTAT,CAATGATG,CATCATTG
UDI0141,TTAGGTTG,CAATCGTC,GACGATTG
UDI0142,ACGCACAA,TTCGGCCG,CGGCCGAA
UDI0143,TGAATATA,GGCGGCAG,CTGCCGCC
UDI0144,TGCTCCGC,CGGTTAGT,ACTAACCG
UDI0145,AAGCAATA,TCTCAATT,AATTGAGA
UDI0146,TTATGTAT,CTCTTGAA,TTCAAGAG
UDI0147,ACGGCAGA,TTGCGGAC,GTCCGCAA
UDI0148,GGACTCTG,CTACCTTG,CAAGGTAG
UDI0149,GTACGTAC,GAGTCGCT,AGCGACTC
UDI0150,GGAAGGTA,GATACTAC,GTAGTATC
UDI0151,ACGTCCAT,TTCGCCAC,GTGGCGAA
UDI0152,ACGTGTTG,GCGCACGT,ACGTGCGC
UDI0153,TGAAGAAT,CTGTCTTC,GAAGACAG
UDI0154,ACGTAGTC,ATCTGCGC,GCGCAGAT
UDI0155,AAGGATAA,ATGTCTCT,AGAGACAT
UDI0156,GGCGAGGA,AACAAGTG,CACTTGTT
UDI0157,AACAAGGC,GACCAATT,AATTGGTC
UDI0158,TTGGTCCG,AGTGTTAA,TTAACACT
UDI0159,ACGAGCCT,CGCTGAGC,GCTCAGCG
UDI0160,GGAGATTC,GTCTGAAC,GTTCAGAC
UDI0161,TGCGCGCT,CGCAACTG,CAGTTGCG
UDI0162,ACGATCTA,CATATTGC,GCAATATG
UDI0163,TGCTGAGG,ACGTTGCG,CGCAACGT
UDI0164,ACTCCTCC,ATCTCACC,GGTGAGAT
UDI0165,ACTCTACG,TCAGCTGG,CCAGCTGA
UDI0166,TTCGTTCT,TGCTCAAC,GTTGAGCA
UDI0167,TGCAGTCG,CACTACAG,CTGTAGTG
UDI0168,TGCCGTAA,GGATGCAC,GTGCATCC
UDI0169,AACAGTTG,AGTGAATT,AATTCACT
UDI0170,TGTTAACA,TCACTGAA,TTCAGTGA
UDI0171,ACTTCCTG,TCGCGACT,AGTCGCGA
UDI0172,TGAATGCG,CGATATGG,CCATATCG
UDI0173,ACTTGTAC,CCATGCTT,AAGCATGG
UDI0174,ACTACTTA,TAGACACG,CGTGTCTA
UDI0175,CTCTTCGT,TTAGACGG,CCGTCTAA
UDI0176,ACTAGCTC,CACTCTCG,CGAGAGTG
UDI0177,TTATCAAC,CGTACTCG,CGAGTACG
UDI0178,TGCTTGTC,TGAGACAC,GTGTCTCA
UDI0179,AAGGTAGG,AGCGATGG,CCATCGCT
UDI0180,TGGTATGG,GAGCGAAG,CTTCGCTC
UDI0181,AACACATA,TTAGAATT,AATTCTAA
UDI0182,TGGTGTCT,CAGATGAA,TTCATCTG
UDI0183,ACACTAAC,TTCACTGT,ACAGTGAA
UDI0184,TTGTGTTC,TCACATCT,AGATGTGA
UDI0185,ACACACCT,CAGTTGCC,GGCAACTG
UDI0186,GGTGTCCG,AGACGCTG,CAGCGTCT
UDI0187,ACACATTC,ACCGACAG,CTGTCGGT
UDI0188,TTGCTTAA,AACGCCGA,TCGGCGTT
UDI0189,ACAGCCTT,CGCGTGTG,CACACGCG
UDI0190,TTGCAGTA,TGTTGGCT,AGCCAACA
UDI0191,ACAGGCAG,AACTTGCT,AGCAAGTT
UDI0192,TTGCCATC,TGACGCGT,ACGCGTCA
UDI0193,ATAATGTA,GGTTCATT,AATGAACC
UDI0194,TCGTACCG,CCACTTCC,GGAAGTGG
UDI0195,GTTATTAT,GCTTAGCG,CGCTAAGC
UDI0196,ACAGAAGC,GCTATGAC,GTCATAGC
UDI0197,TTGATAAT,ATGGTCAC,GTGACCAT
UDI0198,ACATCGGA,TCAACTTC,GAAGTTGA
UDI0199,ACCTCTCA,TTAACCGC,GCGGTTAA
UDI0200,GTGAGTGT,AAGAGGCG,CGCCTCTT
UDI0201,ACATCACC,TCCAGAAC,GTTCTGGA
UDI0202,CTCGCTTG,GATGCAGT,ACTGCATC
UDI0203,ACATGGAT,GGCTAACC,GGTTAGCC
UDI0204,TCAGGATC,GCTGTGGA,TCCACAGC
UDI0205,ATAAGGCT,GCCACATT,AATGTGGC
UDI0206,TCTTACTC,CTTGTGAC,GTCACAAG
UDI0207,ACATGATA,TATCTACG,CGTAGATA
UDI0208,TTGCCTCT,TAGCCGCA,TGCGGCTA
UDI0209,ACATTCTC,AGAGTTGT,ACAACTCT
UDI0210,ACATATGT,CTGCGATC,GATCGCAG
UDI0211,GTTGGTAG,ATGTTCCA,TGGAACAT
UDI0212,ACAACCGC,GGTATGTG,CACATACC
UDI0213,AAGCAGAC,TTCTTAGC,GCTAAGAA
UDI0214,ACAAGGTG,TGGTTAAG,CTTAACCA
UDI0215,ACAAGAGT,TTGAAGGC,GCCTTCAA
UDI0216,TTGGAATT,TTCCAGTT,AACTGGAA
UDI0217,ATAACAGA,CTTCCATT,AATGGAAG
UDI0218,TATTGTCG,GAATTGAA,TTCAATTC
UDI0219,ACAATGCC,TAAGGACG,CGTCCTTA
UDI0220,TATGGTTC,TACCGGTG,CACCGGTA
UDI0221,AGCCACAG,TGGTTCCT,AGGAACCA
UDI0222,GCTATCGA,GGAAGATC,GATCTTCC
UDI0223,AGCGCTCG,ACAAGCCG,CGGCTTGT
UDI0224,TGCGCTTC,GTGTCGGC,GCCGACAC
UDI0225,TCTACGCC,GTACGCCG,CGGCGTAC
UDI0226,TATCACAA,AATGAGGC,GCCTCATT
UDI0227,AGCTTGGT,TCGTGCCG,CGGCACGA
UDI0228,AGCTTATG,CTACAGGC,GCCTGTAG
UDI0229,ATAACGAC,AGGCCATT,AATGGCCT
UDI0230,GATGGAGT,GCCTGGAA,TTCCAGGC
UDI0231,TGATCTAA,GAGGTTAA,TTAACCTC
UDI0232,AGCTATAT,TCCTAACG,CGTTAGGA
UDI0233,AGCAGAGA,ATTATGGC,GCCATAAT
UDI0234,GACGTAAG,GGCTTGGC,GCCAAGCC
UDI0235,AGGCCTGA,TGACCGAG,CTCGGTCA
UDI0236,CCGCCTCG,TGTTACGT,ACGTAACA
UDI0237,AGGCGAAT,GAGGACGC,GCGTCCTC
UDI0238,TTGTTCTT,ACTTGTAG,CTACAAGT
UDI0239,TACTCCTG,GGACACGC,GCGTGTCC
UDI0240,GACTGGCG,TCAGTCGC,GCGACTGA
UDI0241,ATATATAC,CAAGCATT,AATGCTTG
UDI0242,TAGATCGG,TTGATTAA,TTAATCAA
UDI0243,AGGCAAGC,GTCCAGAG,CTCTGGAC
UDI0244,TCCAGGTA,ACTGGAGC,GCTCCAGT
UDI0245,AGGTCAAG,ATAACGCG,CGCGTTAT
UDI0246,TACACTGG,GATTGAGC,GCTCAATC
UDI0247,TCCTTGCG,CACATGCG,CGCATGTG
UDI0248,AGGACCTC,TTGGCAGC,GCTGCCAA
UDI0249,TAAGCATT,ATAGTTCG,CGAACTAT
UDI0250,AGGATATT,GAGACAGC,GCTGTCTC
UDI0251,TCATTCGG,AACCGTCG,CGACGGTT
UDI0252,AGTCCGAC,TGTGAAGC,GCTTCACA
UDI0253,ATATTACA,TGCGCATT,AATGCGCA
UDI0254,TCTCCGTG,ACGATTCA,TGAATCGT
UDI0255,TAATAGGA,CTGGTTAG,CTAACCAG
UDI0256,TTGTAAGA,TCACAAGC,GCTTGTGA
UDI0257,GAATGTAA,AGTGCCAG,CTGGCACT
UDI0258,AGTCAATT,GACCGTGC,GCACGGTC
UDI0259,GAACAATT,AATCCAAG,CTTGGATT
UDI0260,AGTGGTCA,TGATGTGC,GCACATCA
UDI0261,TACAATAT,TATTGAAG,CTTCAATA
UDI0262,AAGCGCGT,ACCAGTAA,TTACTGGT
UDI0263,GAACCTTA,GGACTCAG,CTGAGTCC
UDI0264,AGTGTACT,AAGTATGC,GCATACTT
UDI0265,TATACCAT,GTGGCATT,AATGCCAC
UDI0266,ATCGTGGA,CAACGGCC,GGCCGTTG
UDI0267,GCAAGACA,GTCTATGC,GCATAGAC
UDI0268,TACAGGCC,GGCGAATG,CATTCGCC
UDI0269,AGTTCCGT,ACGCGGCC,GGCCGCGT
UDI0270,TCAATTAT,CCTTCAGG,CCTGAAGG
UDI0271,AGTTCATA,TGAAGGCC,GGCCTTCA
UDI0272,TCACCGGC,AGTAAGCC,GGCTTACT
UDI0273,GACACCGA,CGAGCAGA,TCTGCTCG
UDI0274,AGTTGGCT,GGAGTGCC,GGCACTCC
UDI0275,TACGTCTC,ACGACATG,CATGTCGT
UDI0276,CCGGTACA,AATAGGTA,TACCTATT
UDI0277,TATACATC,TTCAGATT,AATCTGAA
UDI0278,ATCGTTAG,ACTTCGCA,TGCGAAGT
UDI0279,GAATTACG,TCTCCTTG,CAAGGAGA
UDI0280,AGTACTGC,CTAAGACC,GGTCTTAG
UDI0281,TACTAACG,ATTACTTG,CAAGTAAT
UDI0282,AGTATGTC,TACTGACC,GGTCAGTA
UDI0283,TAAGTGTG,GTGACTGG,CCAGTCAC
UDI0284,ATATAAGG,ACATGACC,GGTCATGT
UDI0285,ATAGAATA,GGTCGTTG,CAACGACC
UDI0286,TCTAGAGA,CAAGAACC,GGTTCTTG
UDI0287,ATAGGCCA,GTATGTTG,CAACATAC
UDI0288,ATAGCGGT,AATCAACC,GGTTGATT
UDI0289,ATATCCTA,CTATTATT,AATAATAG
UDI0290,GATAGGAT,TATCCGAC,GTCGGATA
UDI0291,ATACTGCG,ACAATGTG,CACATTGT
UDI0292,TCTTCCGA,TTGTAACC,GGTTACAA
UDI0293,ATACCTAT,AATTCGTG,CACGAATT
UDI0294,TCGTTATA,TGCATACC,GGTATGCA
UDI0295,TAATTAGT,AGGTCCTG,CAGGACCT
UDI0296,ATTATTCG,GCCAGTCC,GGACTGGC
UDI0297,TAATAATC,TCGCTCTG,CAGAGCGA
UDI0298,ATTATCGC,CTAGCTCC,GGAGCTAG
UDI0299,TAATATAG,CTAAGCTG,CAGCTTAG
UDI0300,ATTAGACA,GTTGGCGG,CCGCCAAC
UDI0301,ATAGATCT,CGCATAGG,CCTATGCG
UDI0302,TAGAGCTC,TCGGATCC,GGATCCGA
UDI0303,ATTACAAT,AACAATCC,GGATTGTT
UDI0304,ATTGAAGT,TTCACCTG,CAGGTGAA
UDI0305,ATTGATTC,AATGTTCC,GGAACATT
UDI0306,TAACTAAG,GAGTCTTG,CAAGACTC
UDI0307,ATTGACAA,CGCCGCAC,GTGCGGCG
UDI0308,ATTGTGTT,GAAGATTG,CAATCTTC
UDI0309,ATTGCTGA,CTGAGCAC,GTGCTCAG
UDI0310,TACATCCT,ATGCGTTG,CAACGCAT
UDI0311,ATTCACGG,GCCTACAC,GTGTAGGC
UDI0312,TAATTGAC,TATAGTTG,CAACTATA
UDI0313,ATAGTCTG,TGCAATGC,GCATTGCA
UDI0314,TATAAGAC,CATGTAAG,CTTACATG
UDI0315,ATTCTTAC,CTATACAC,GTGTATAG
UDI0316,TCGATTCA,TGATTGTT,AACAATCA
UDI0317,ATTCTCTA,AGATAGTG,CACTATCT
UDI0318,ATTCGATG,GAGATCAC,GTGATCTC
UDI0319,TAAGCTAC,ACGGATTG,CAATCCGT
UDI0320,ATTCGTGT,TGACGAAC,GTTCGTCA
UDI0321,ATGAATAT,TTAAGTGG,CCACTTAA
UDI0322,ATGAAGGA,CATTCAAC,GTTGAATG
UDI0323,ATGAACTG,CTTGCTGG,CCAGCAAG
UDI0324,ATGAGCAC,GAACTAAC,GTTAGTTC
UDI0325,ATAGGAAT,TAGCCTGG,CCAGGCTA
UDI0326,TAGACGGC,AGCGGACC,GGTCCGCT
UDI0327,GAATAGTG,TGGAAGTG,CACTTCCA
UDI0328,ATGACACC,AACTTAAC,GTTAAGTT
UDI0329,ATGACGTT,ACTAGATT,AATCTAGT
UDI0330,ATGTATTA,TCATTAAC,GTTAATGA
UDI0331,ATGTACCT,TAGGTATG,CATACCTA
UDI0332,TCAATGGA,ACTCATAC,GTATGAGT
UDI0333,GAGGTCAC,GTAATCTA,TAGATTAC
UDI0334,TAACCAGA,ATTCGGTC,GACCGAAT
UDI0335,ATGTGATT,AAGTAACG,CGTTACTT
UDI0336,TAACAGCC,GTCAGGTC,GACCTGAC
UDI0337,TATCTGTC,ATGCCGAA,TTCGGCAT
UDI0338,AGATAACT,GCCTTCGG,CCGAAGGC
UDI0339,ATGTGGCA,TCATGGTC,GACCATGA
UDI0340,TAACACTG,TGCACGTC,GACGTGCA
UDI0341,ATGTCTGG,TGTCGCCG,CGGCGACA
UDI0342,TCAAGCAC,ACCTAGTC,GACTAGGT
UDI0343,ATGGTAAC,GTCTACCG,CGGTAGAC
UDI0344,ATGGTTCA,AAGCTGTC,GACAGCTT
UDI0345,TCCAACGG,TGCGAGCG,CGCTCGCA
UDI0346,GAACAGAA,ACTATCTC,GAGATAGT
UDI0347,ATGGCCAG,GTAGTGTT,AACACTAC
UDI0348,TCACGTGA,CCGCACAC,GTGTGCGG
UDI0349,ATACAACC,CACACGGT,ACCGTGTG
UDI0350,TATGTTGG,TGTGTCCA,TGGACACA
UDI0351,ATGCTAGA,AAGTAGTT,AACTACTT
UDI0352,ATGCTGTC,TTCCTCAA,TTGAGGAA
UDI0353,GATTGACC,ATTAAGTT,AACTTAAT
UDI0354,ATCATACT,TAAGTCAA,TTGACTTA
UDI0355,ATCAGCTA,GGCAAGTT,AACTTGCC
UDI0356,ATCACGCA,ACGTGCAC,GTGCACGT
UDI0357,GAGTTCTG,CCGAAGTT,AACTTCGG
UDI0358,ATCACCGT,TTCGTACA,TGTACGAA
UDI0359,TCTTGGAA,GCTGAGTT,AACTCAGC
UDI0360,ATCTAATC,AGAATACA,TGTATTCT
UDI0361,ATACATGA,CCGACGAC,GTCGTCGG
UDI0362,TATTGAAT,TGCGTCGG,CCGACGCA
UDI0363,GCTAGTCT,TCTTCGTT,AACGAAGA
UDI0364,ATCTAGCG,ATCCGACA,TGTCGGAT
UDI0365,TCTCGCTA,CGGTCGTT,AACGACCG
UDI0366,ATCTGAAG,GCACGACA,TGTCGTGC
UDI0367,TCTAATGC,TTGACGTT,AACGTCAA
UDI0368,GATAGCGC,ACCTTACA,TGTAAGGT
UDI0369,CTCCTACA,GTCTCAGT,ACTGAGAC
UDI0370,TATCAAGC,CGATTCAA,TTGAATCG
UDI0371,ATCGCATT,ACACCGTT,AACGGTGT
UDI0372,ATCCAGAA,CACTGGTT,AACCAGTG
UDI0373,ATACTATT,GTTATATT,AATATAAC
UDI0374,GATGATAC,CACGCGCC,GGCGCGTG
UDI0375,GCGGTATT,GGTAACAA,TTGTTACC
UDI0376,ATCCGTTC,GCAAGGTT,AACCTTGC
UDI0377,AGAATTCA,ATTGCACA,TGTGCAAT
UDI0378,TATGACTT,CCTCGGTT,AACCGAGG
UDI0379,GAGTCAGA,GTATCCAA,TTGGATAC
UDI0380,AGAAGACG,GTGCGGTT,AACCGCAC
UDI0381,AGAAGCTT,CACTAACA,TGTTAGTG
UDI0382,GAGTAGCA,TACGAATA,TATTCGTA
UDI0383,AGAACCAA,ACAATTAT,ATAATTGT
UDI0384,GCTTGGTG,TTGGACTA,TAGTCCAA
